,0
0,terima kasih perhatian habib rizieq ğŸ˜‚ğŸ˜‚ğŸ˜‚tetap pilih
1,pilih
2,mantul riau ğŸ‘ğŸ‘ğŸ‘
3,undangan palsuğŸ˜‚ğŸ˜‚ğŸ˜‚
4,padang mas anies arus perubahan terbendung
5,mendarat pekanbaru riau mantap riau anies
6,anies pendukungnya sumbar ikhtiarkan perubahan indonesia
7,selamat anies rasyid baswedan bumi lancang kuning riauğŸ‘ŒğŸ‘ğŸ‘ğŸ‡²ğŸ‡¨ğŸ‘‰ğŸ’ª
8,relawan kasih uang prank acara pengajian haha
9,anies presidenku nasdem partaiku
10,anies sumbar
11,anies padang desember
12,anies ikhtiarkan kesempatan perubahan setuju yuk rt like setuju âœ¨
13,beda kelas pemimpin dirindukan pemimpin hasil endors ğŸ¤£
14,selasela bersilaturahmi masyarakat aceh mas menyempatkan belajar mengolah kopi beliau masyarakat beliau memahami dikehendaki rkyt
15,jegal anies baswedan
16,larut malam warga padang semangat menghadiri silaturrahmi kebangsaan anies baswedan â¤ï¸ warga padang âœ¨ğŸ‘ insya allah berkah
17,gelombang kehendak rakyat dihadang dimana tandanya rakyat mengharapkan sosok pemimpin anies baswedan ğŸ‘ tahniah rakyat riau
18,anies keliling indonesia menebar energi politik riang gembira membangkitkan harapan indonesia anies for president
19,momment yel yel aceh jalan sehat diikuti ribu warga aceh
20,anies baswedan kunjungi sekolah ins kayu tanam ketua nasdem sumbar lupakan sekolah pencetak tokoh jokowi kerasa malming garut suarez cepuin desember bangkok
21,keluarga mega bintang gibran batalkan rencana ganti nama jalan pangeran diponegoro ngarsopuro jokowi kerasa malming garut suarez cepuin benedict desember bangkok
22,ubed gugatan cucu hatta jokowi warna politik krisis demokrasi jokowi kerasa malming garut suarez cepuin benedict desember bangkok
23,refly beberkan skenario dipakai istana jegal anies bujuk nasdem kasih pks jokowi kerasa malming garut suarez cepuin benedict desember bangkok
24,relawan jokowi kumpul gbk rocky gerung istana cemas safari politik anies sabtu desember meninggal innalillahi desember garut dirumah rebahan malming malam minggu
25,tekateki sosok wanita menangis rumah ferdy sambo jokowi kerasa malming garut suarez cepuin benedict desember bangkok
26,kepala bnpb gempa magnitudo garut dirasakan kabupaten jokowi kerasa malming garut suarez cepuin benedict desember bangkok
27,guru honorer caboel jeneponto kirim video siswi korban lapor polisi jokowi kerasa malming garut suarez cepuin benedict desember bangkok
28,rocky gerung anggap gibran cocok wali kota solo salah megawati jokowi kerasa malming garut suarez cepuin benedict desember bangkok
29,mahfud md digadanggadang cawapres anies untung ruginya jokowi kerasa malming garut suarez cepuin benedict desember bangkok
30,masyarakat akui prestasi anies stop sebar hoaks aktivis nu berhasil membangun jakarta jokowi kerasa malming garut suarez cepuin benedict desember bangkok
31,kantor dpw nasdem aceh dilempari telur busuk pelaku diduga pembenci anies jokowi kerasa malming garut suarez cepuin benedict desember bangkok
32,safari politik serambi mekkah anies terhormat sambutan hangat warga jokowi kerasa malming garut suarez cepuin benedict desember bangkok
33,aipda aksan bongkar kebobrokan polri maaf senasib ismail bolong jokowi kerasa malming garut suarez cepuin benedict desember bangkok
34,diintai oknum polisi komplotannya ditangkap transaksi narkoba jokowi kerasa malming garut suarez cepuin benedict desember bangkok
35,keberanian cucu hatta gugat jokowi tuai pujian jokowi kerasa malming garut suarez cepuin benedict desember bangkok
36,polisi buru penyebar video polisi bongkar korupsi jokowi kerasa malming garut suarez cepuin benedict desember bangkok
37,maksimal magis anies baswedan rocky nasdem ambil risiko cabut istana jokowi kerasa malming garut suarez cepuin benedict desember bangkok
38,wadaw instruksi megawati kader banteng rapatkan barisan rebut kekuasaan politik jokowi kerasa malming garut suarez cepuin benedict desember bangkok
39,ump dinaikan persen pj gubernur dki dituding bikin buruh miskin jokowi kerasa malming garut suarez cepuin benedict desember bangkok
40,refly harun bongkar kebiasaan naga cukong politik calonnya bermain kaki jokowi kerasa malming garut suarez cepuin benedict desember bangkok
41,anies dinilai menang pilpres cawapresnya penuhi kriteria jokowi kerasa malming garut suarez cepuin benedict desember bangkok
42,imparsial laksamana yudo margono jauhkan tni politik praktis meninggal
43,rocky pendukung prabowo anies motif beda jokowi kerasa malming garut suarez cepuin benedict desember bangkok
44,balas pujian airlangga jokowi kuatkuat warna kuning jokowi kerasa malming garut suarez cepuin benedict desember bangkok
45,polisi tewas ditembak dikeroyok ung narkoba kalteng dievakuasi pakai gerobak jokowi kerasa malming garut suarez cepuin benedict desember bangkok
46,polisi tewas ditembak dikeroyok ung narkoba kalteng dievakuasi pakai gerobak jokowi kerasa malming garut suarez cepuin benedict desember bangkok
47,gugatan cucu hatta jokowi angin segar tengah lemahnya oposisi jokowi kerasa malming garut suarez cepuin benedict desember bangkok
48,syarifah ima rela gantikan ferdy sambo dipenjara warganet kasusnya rekayasa fansnya rekayasa jokowi kerasa malming garut suarez cepuin benedict desember bangkok
49,keluarga hatta turun gunung gugat jokowi didukung pemerintah sewenangwenang jokowi kerasa malming garut suarez cepuin benedict desember bangkok
50,igor dirgantara anies kepentok kondisi parpol koalisi all out jokowi kerasa malming garut suarez cepuin benedict desember bangkok
51,cantik milik ferdy sambo kamaruddin piala bergilir jenderal tm jokowi kerasa malming garut suarez cepuin benedict desember bangkok
52,sosok cantik gustika fardani jusuf cucu proklamator hatta gugat jokowi jokowi kerasa malming garut suarez cepuin benedict desember bangkok
53,anies baswedan ranah minang disambut teriakan anies presidenku emakemak jokowi kerasa malming garut suarez cepuin benedict desember bangkok
54,ganjar jujur isu tinggalkan pdip pindah kib maju capres jokowi kerasa malming garut suarez cepuin benedict desember bangkok
55,heboh syarifah ima penerobos sidang tulis surat cinta ferdi sambo isinya jokowi kerasa malming garut suarez cepuin benedict desember bangkok
56,profil istri yudo margono akbp veronica yulis prihayati kekayaannya jokowi kerasa malming garut suarez cepuin benedict desember bangkok
57,sore garut diguncang gempa magnitudo jokowi kerasa malming garut suarez cepuin benedict desember bangkok
58,cucu hatta gugat jokowi ptun malang melintang forum internasional jokowi kerasa malming garut suarez cepuin benedict desember bangkok
59,innalillahi pendakwah kang rashied dikabarkan meninggal dunia publik figur aikan belasungkawa jokowi kerasa malming garut suarez cepuin benedict desember bangkok
60,abuse of power presiden jokowi mendagri digugat cucu hatta jokowi kerasa malming garut suarez cepuin benedict desember bangkok
61,dukungan pan ppp jateng ganjar ketua umum menentukan capres jokowi kerasa malming garut suarez cepuin benedict desember bangkok
62,elektabilitas anies survei dekati ganjar andi ngerti digangguin jokowi kerasa malming garut suarez cepuin benedict desember bangkok
63,elektabilitas anies survei dekati ganjar andi ngerti digangguin jokowi kerasa malming garut suarez cepuin benedict desember bangkok
64,rujuk gerindra pks nyelekit harap jokowi kerasa malming garut suarez cepuin benedict desember bangkok
65,sangar mike tyson hajar petinju meksiko ancam lionel messi jokowi kerasa malming garut suarez cepuin benedict desember bangkok
66,ungkit kpk periksa heru budi suap raperda gus umar kasusnya menguap jokowi kerasa malming garut suarez cepuin benedict desember bangkok
67,warga kota pekanbaru riau insyaallah anies baswedan mengunjungi kota pekanbaru ahad sore desember ai bertemu esok
68,refly harun nyatakan anies sulit head to head lawan prabowo skenarionya jokowi kerasa malming garut suarez cepuin benedict desember bangkok
69,penolakan utusan as hak lgbt batal kunjungi indonesia jokowi kerasa malming garut suarez cepuin benedict desember bangkok
70,gempa guncang pangandaran garut jokowi kerasa malming garut suarez cepuin benedict desember bangkok
71,cinta mati syarifah ima syahab istri gantikan ferdy sambo sel jokowi kerasa malming garut suarez cepuin benedict desember bangkok
72,wanita yudo panglima tni diganti jenderal dudung jokowi kerasa malming garut suarez cepuin desember bangkok
73,penuhi kebutuhan biologis pengungsi gempa cianjur dibuatkan tenda sakinah pengen nyoba jokowi kerasa malming garut suarez cepuin benedict desember bangkok
74,heboh ribuan warga solo antre uang nasi bungkus ai pingsan jokowi kerasa malming garut suarez cepuin benedict desember bangkok
75,reuni spesial dihadiri ibhrs meninggal
76,anies disambut lautan manusia aceh
77,pilih
78,anies
79,anies kalengÂ² sumbar baralek gadangğŸ‘ğŸ‘ maju
80,serbuuuuambil sembakonya pemilu nnti pilih aniesğŸ‘ŒğŸ‘ğŸ‡²ğŸ‡¨ğŸ‘‰ğŸ’ª
81,anies presiden anies presiden teriakan warga kota padang sumatera barat ğŸµdimanamana hatiku aniesğŸµ
82,mantul ğŸ‘ sumbar
83,pai baburu mandapek ruso ruso dijua ka pasa baso salamaik nan katibo ranah minang nan tacinto mananti jo muko nan janiah jo hati nan barasiah
84,medan jogja ciamis anies disambut lautan manusia aceh gerakan perubahan terbendung
85,sumbar bendung arus perubahan
86,bpk bandara int minangkabau kota padang selamat bpk pembaharuan ranah minang
87,anies baswedan ğŸ‡®ğŸ‡©
88,kehangatan masyarakat aceh menyambut kedatangan presiden anies baswedan
89,mutiara baswedan cantik hijabnya ingi anies berkunjung aceh
90,topbgt ğŸ‘ aceh
91,anies baswedan dijadwalkan padang jakfar sidik persembahan nasdem rakyat sumbar jokowi offside bumn bang dodo aceh asia evan dimas korsel jepang brazil xhaka hefri
92,masjid jakarta setor persen infak jumatnya rekening ormas disetujui heru budi jokowi offside bumn bang dodo aceh asia evan dimas korsel jepang brazil xhaka hefri
93,berkelanjutan anies baswedan mencerdaskan masyarakat sumatera jokowi offside bumn bang dodo aceh asia evan dimas korsel jepang brazil xhaka hefri
94,kunjungan utusan as lgbtqi indonesia dibatalkan jokowi offside bumn bang dodo aceh asia evan dimas korsel jepang brazil xhaka hefri
95,jokowi ekspor paksa gugatan uni eropa indonesia jokowi offside bumn bang dodo aceh asia evan dimas korsel jepang brazil xhaka hefri
96,korupsi dana zakat rp miliar bengkulu selatan baznas ri usut tuntas jokowi offside bumn bang dodo aceh asia evan dimas korsel jepang brazil xhaka hefri
97,blakblakan jokowi kaesang diadili kkn rizal ramli terangkan penyebabnya jokowi offside bumn bang dodo aceh asia evan dimas korsel brazil xhaka hefri
98,cholil nafis pejabat indonesia luangkan waktu temui utusan as lgbtqi jokowi offside bumn bang dodo aceh asia evan dimas korsel brazil xhaka hefri
99,ridwan kamil pilih dinaungi beringin pdip jabar jelang pilgub jokowi offside bumn bang dodo aceh asia evan dimas korsel jepang brazil xhaka hefri
100,ribuan warga aceh sambut meriah kedatangan anies baswedan jokowi offside bumn bang dodo aceh asia evan dimas korsel jepang brazil xhaka hefri
101,ribuan warga aceh sambut meriah kedatangan anies baswedan jokowi offside bumn bang dodo aceh asia evan dimas korsel jepang brazil xhaka hefri
102,bejat kronologi perwira pasp res perkosa prajurit kostrad bertugas ktt bali jokowi offside bumn bang dodo aceh asia evan dimas korsel jepang brazil xhaka hefri
103,bocah dilecehkan pengamen waria taman sari tua darah bikin laporan polisi jokowi offside bumn bang dodo aceh asia evan dimas korsel jepang brazil xhaka hefri
104,tabrakan adu banteng anggota sabhara polres gunungkidul meninggal jokowi offside bumn bang dodo aceh asia evan dimas korsel jepang brazil xhaka hefri
105,nasib serda ucok janjinya berantas habis preman jokowi offside bumn bang dodo aceh asia evan dimas korsel jepang brazil xhaka hefri
106,cegah kerusuhan pemilu kpu bikin pasukan berbekal tameng pentungan jokowi offside bumn bang dodo aceh asia evan dimas korsel jepang brazil xhaka hefri
107,luhut curhat dibully bawa china melulu jokowi offside bumn bang dodo aceh asia evan dimas korsel jepang brazil xhaka hefri
108,tlg jelasin drun whyğŸ˜
109,pesanan taipan rekam jejak garang ganjar erick thohir duet caprescawapres jokowi offside bumn bang dodo aceh asia evan dimas korsel jepang brazil xhaka hefri
110,reuni panitia cerdas dantaktis sengaja mengundang anies dijebak jokowi offside bumn bang dodo aceh asia evan dimas korsel jepang brazil xhaka hefri
111,mui haramkan goyang pargoy pwnu dki joget menimbulkan birahi dilarang jokowi offside bumn bang dodo aceh asia evan dimas korsel jepang brazil xhaka hefri
112,pelaku tabrak lari anak anggota dprd kota bekasi ditahan jokowi offside bumn bang dodo aceh asia evan dimas korsel jepang brazil xhaka hefri
113,ubedillah badrun pernyataan benny nusantara bersatu wujud persekongkolan merawat pertempuran jokowi offside bumn bang dodo aceh asia evan dimas korsel jepang brazil xhaka hefri
114,jalani fit and proper test dpr ri panglima tni yudo margono pilih jalan kaki rumah dinasnya jokowi offside bumn bang dodo aceh asia evan dimas korsel jepang brazil xhaka hefri
115,nasib puan maharani megawati dukung prabowo nyapres jokowi offside bumn bang dodo aceh asia evan dimas korsel jepang brazil xhaka hefri
116,rekam jejak eks menteri atr ditemukan bernyawa basement hotel jokowi offside bumn bang dodo aceh asia evan dimas korsel jepang brazil xhaka hefri
117,reuni masjid attin habib rizieq doakan keluarga cendana jokowi offside bumn bang dodo aceh asia evan dimas korsel jepang brazil xhaka hefri
118,kiprah ferry mursyidan baldan menteri jokowi berjuang barisan prabowo jokowi offside bumn bang dodo aceh asia evan dimas korsel brazil xhaka hefri
119,sepekan berpulang ferry mursyidan baldan hadiri munas kahmi jk anies jokowi offside bumn bang dodo aceh asia evan dimas korsel jepang brazil xhaka hefri
120,jarang konten baim sepi job jokowi offside bumn bang dodo aceh asia evan dimas korsel jepang brazil xhaka hefri
121,tangis tua bharada ferdy sambo bersikap jantan jenderal jokowi offside bumn bang dodo aceh asia evan dimas korsel jepang brazil xhaka hefri
122,curhatan habib rizieq bebas bersyarat istri sakit jenguk sebulan jokowi offside bumn bang dodo aceh asia evan dimas korsel jepang brazil xhaka hefri
123,ferry mursyidan baldan diduga terkena serangan jantung minum obat parkiran bidakara jokowi offside bumn bang dodo aceh asia evan dimas korsel brazil xhaka hefri
124,dpr setujui laksamana tni yudo margono panglima tni jokowi offside bumn bang dodo aceh asia evan dimas korsel jepang brazil xhaka hefri
125,cerita hrs tim gegana polri sisir masjid attin reuni jokowi offside bumn bang dodo aceh asia evan dimas korsel jepang brazil xhaka hefri
126,walah hasil pemilu dukungan rakyat jokowi titip kpu jokowi offside bumn bang dodo aceh asia evan dimas korsel jepang brazil xhaka hefri
127,dukung prabowo usung puan megawati tengah bermain kaki jokowi offside bumn bang dodo aceh asia evan dimas korsel jepang brazil xhaka hefri
128,kayak linglung dicecar jemaah penganiaya imam masjid pondok gede sang kakek depresi jokowi offside bumn bang dodo aceh asia evan dimas korsel jepang brazil xhaka hefri
129,makjleb bedanya anies ganjar rg berbondongbondong menunggu kedatangan anies ganjar menunggu ganjar lopğŸ˜ğŸ˜‚ jokowi offside bumn bang dodo aceh asia evan dimas korsel
130,meraka girang anies gubernur stres anies keliling safari daerahdaerah ğŸ˜„ jokowi offside bumn bang dodo aceh asia evan dimas korsel jepang brazil xhaka hefri
131,jokowi tersesat fatamorgana lautan massa gelora karno jokowi offside bumn bang dodo aceh asia evan dimas korsel jepang brazil xhaka hefri
132,jokowi tersesat fatamorgana lautan massa gelora karno jokowi offside bumn bang dodo aceh asia evan dimas korsel jepang brazil xhaka hefri
133,jokowi titip kpu hasil pemilu dukungan rakyat jokowi offside bumn bang dodo aceh asia evan dimas korsel jepang brazil xhaka hefri
134,nasdem aceh bantah bagibagi kupon sembako terkait kedatangan anies jokowi offside bumn bang dodo aceh asia evan dimas korsel jepang brazil xhaka hefri
135,jokowi klaim persen kendaraan listrik dunia bergantung baterai ri jokowi offside bumn bang dodo aceh asia evan dimas korsel jepang brazil xhaka hefri
136,ferry mursyidan baldan diduga terkena serangan jantung minum obat sakit gigi parkiran bidakara jokowi offside bumn bang dodo aceh asia evan dimas korsel jepang brazil xhaka hefri
137,blakblakan habib rizieq panitia reuni ancaman difitnah dihalanghalangi jokowi offside bumn bang dodo aceh asia evan dimas korsel jepang brazil xhaka hefri
138,blakblakan akui oposisi rocky gerung menurunkan jokowi jokowi offside bumn bang dodo aceh asia evan dimas korsel brazil xhaka hefri
139,aceh izin anies dipersulit sambutan masyarakat membludak jokowi offside bumn bang dodo aceh asia evan dimas korsel jepang brazil xhaka hefri
140,aceh menyapa pekan
141,pbnu larang utusan as jessica stern anye lgbt indonesia jokowi offside bumn bang dodo aceh asia evan dimas korsel jepang brazil xhaka hefri
142,viral polisi toraja kirim video kapolri polri penuh mafia jokowi offside bumn bang dodo aceh asia evan dimas korsel jepang brazil xhaka hefri
143,nasdem geram muncul selebaran munajat akbar restorasi umat foto anies logo partai jokowi offside bumn bang dodo aceh asia evan dimas korsel jepang brazil xhaka hefri
144,tangis tua bharada ferdy sambo bersikap jantan jenderal jokowi offside bumn bang dodo aceh asia evan dimas korsel jepang brazil xhaka hefri
145,tanggapan bijak habib rizieq statemen kontroversi ustadz bachtiar nasir jokowi offside bumn bang dodo aceh asia evan dimas korsel jepang brazil xhaka hefri
146,dicecar jemaah penganiaya imam masjid pondok gede kakekkakek depresi jokowi offside bumn bang dodo aceh asia evan dimas korsel jepang brazil xhaka hefri
147,kamaruddin bongkar identitas wanita â€˜piala bergilirâ€™ tengah dugaan keterlibatan wanita pusaran sambo jokowi offside bumn bang dodo aceh asia evan dimas korsel jepang brazil xhaka hefri
148,anies ide gagasan direalisasikannya jakarta indonesia butuh kenyataan pernyataan
149,anies rekam jejak bagus prestasi mendunia rakam jejaknya dirasakan rakyat jakarta blusukan pencitraan men ung aspirasi rakyat
150,ayo warga banda aceh mari ikuti acara mas anies lapangan sepak bola pango banda aceh kirimkan pesan perubahan indonesia
151,polisi pastikan safari anies baswedan pekanbaru jalan acara gajah mada
152,anies memimpin survey elektabilitas capres ganjar pranowo anies baswedan prabowo
153,anggota tps hati hati pake masker lapis makan minum bawa pake sarung tangan bagus saran aja menjaga kesehatanâ€¦
154,video
155,aceh aceh ğŸ˜
156,â€œjakarta kota harapan ruang mewadahi ragam mimpi harapan penjuru republik sebutkan suku agama penjuru negeri jakarta jakarta rumah semuaâ€ daerah menerima beliu
157,masyarakat aceh antusias menyambut masjid raya baiturahman izin pertemuannya dibatalkan
158,bro sist â€¦ rakyat sukarela menyambut aniesğŸ‘ğŸ‘ğŸ‘ğŸ‘
159,video anies diteriaki presiden shalat jumat masjid raya baiturrahman banda aceh
160,antusias masyarakat aceh menyambut kehadiran anies baswedan aceh berpihak perubahan perbaikan
161,gelorakan semangat relawan restorasi sambut presiden
162,warga padang sumatera barat mas anies hadir besok dont miss it ğŸ“ catat sabtu des
163,aceh for ğŸ‡²ğŸ‡¨ğŸ¥°â¤ï¸ğŸ˜
164,anies gedung vip bandara sim wib disambut shalawat badar massa meneriakkan nama anies â€˜anies presidenâ€™
165,bubarkan masjid attin massa reuni lupa lakukan operasi semut jokowi jembut ciplukan japan maroko parahyangan grup ard
166,habib rizieq shihab tegaskan reuni diperjualbelikan jokowi jembut ciplukan japan maroko parahyangan grup ard
167,pertemuan relawan jokowi sugbk ubedilah badrun terbongkar panggung kepalsuan jokowi jembut ciplukan japan maroko parahyangan grup ard
168,sadis imam pondok gede dianiaya pimpin salat pelaku terekam cctv makmun saf jokowi jembut ciplukan japan maroko parahyangan grup
169,prank kdrt bpi kpnpl baim dijadikan tersangka jokowi jembut ciplukan japan maroko parahyangan grup ard
170,diungkap pa ancaman habib rizieq masjid attin jokowi jembut ciplukan japan maroko parahyangan grup ard
171,emil dardak gaya kepemimpinan ganjar angin segar dunia politik tanah air jokowi jembut ciplukan japan maroko parahyangan grup ard
172,sambut kehadiran titiek reuni slamet maarif selamat keluarga hm soeharto jokowi jembut ciplukan japan maroko parahyangan grup ard
173,kunjung umumkan caprescawapres pengamat kib media sosok partai jokowi jembut ciplukan japan maroko parahyangan grup ard
174,keterpilihan anies meroket andi sinulingga ngerti blusukannya dipersulit jokowi jembut ciplukan japan maroko parahyangan grup ard
175,munajat akbar reuni sukses ratusan ribu jamaah padati masjid attiin tmii jokowi jembut ciplukan japan maroko parahyangan grup ard
176,munajat akbar reuni sukses ratusan ribu jamaah padati masjid attiin tmii jokowi jembut ciplukan japan maroko parahyangan grup ard
177,meme kocak duta lgbt jerman tertawaan netizen sedunia tersingkir piala dunia qatar ğŸ˜‚ğŸ¤£ğŸ˜ jokowi jembut ciplukan japan maroko grup ard
178,viral fans korea fasih bahasa arab diwawancarai reporter tv qatar jokowi jembut ciplukan japan maroko parahyangan grup ard
179,munajat reuni full pengajian sholawatan dangdutan imingiming uang jokowi jembut ciplukan japan maroko parahyangan grup ard
180,slamet maarif reuni spesial dihadiri habib rizieq shihab takbir jokowi jembut ciplukan japan maroko parahyangan grup ard
181,pecinta habaib magelang raya hadir munajat akbar reuni masjid attiin tmii jaktim jokowi jembut ciplukan japan maroko parahyangan grup ard
182,viral rw bedahan depok diancam tatang jauhari kembalikan lop rp juta bangor jokowi jembut ciplukan japan maroko parahyangan grup
183,lolos pemain maroko sujud syukur kibarkan bendera palestina jokowi jembut ciplukan japan maroko parahyangan grup ard
184,titiek soeharto hadiri reuni masjid attin tmii bahagia bernostalgia jokowi jembut ciplukan japan maroko parahyangan grup ard
185,alumni ugm berijazah asli ketemu ğŸ‘ğŸ˜ jokowi jembut ciplukan japan maroko parahyangan grup ard
186,nahloh kpk usut dugaan uang titipan zulhas utut masukin mahasiswa unila jokowi jembut ciplukan japan maroko parahyangan grup ard
187,video habib rizieq hadir reuni jamaah sambut gembira pekikkan takbir masjid attiin tmii jokowi jembut ciplukan japan maroko parahyangan grup ard
188,alhamdulillah duta lgbt jerman tersingkir piala dunia qatar ğŸ˜ jokowi jembut ciplukan japan maroko parahyangan grup ard
189,keterpilihan anies meroket aui ganjar prabowo turun tajam jokowi jembut ciplukan japan maroko parahyangan grup ard
190,keterpilihan anies meroket andi sinulingga ngerti blusukannya dipersulit jokowi jembut ciplukan japan maroko parahyangan grup ard
191,pati digulung banjir puting beliung ganjar ngacir jakarta bicara pencitraan jokowi jembut ciplukan japan maroko parahyangan grup ard
192,gisel nobu diadili pelapor video panas detik tertawa damai jokowi jembut ciplukan japan maroko parahyangan grup ard
193,gerakan aktivis mahasiswa islam indonesia tolak reuni budi senyum jokowi jembut ciplukan japan maroko parahyangan grup ard
194,larangan pernikahan jenis jepang diputuskan sehari as meloloskan uu lgbt jokowi jembut ciplukan japan maroko parahyangan grup ard
195,proyek food estate dianggap berpotensi mangkrak infrastruktur jokowi jembut ciplukan japan maroko parahyangan grup ard
196,istri prajurit tni korban krdt kapendam ivdiponegoro tersangka jalani sidang jokowi jembut ciplukan japan maroko parahyangan grup ard
197,nahloh imbas pj kepala derah dilantik jokowi mendagri digugat cucu hatta ptun jokowi jembut ciplukan japan maroko parahyangan grup ard
198,internal nasdem surya paloh tanggapi â€œpolitik rambut putihâ€ ala jokowi jokowi jembut ciplukan japan maroko parahyangan grup ard
199,heboh penumpang nekat buka pintu pesawat terbang mengaku disuruh tuhan yesus jokowi jembut ciplukan japan maroko parahyangan grup ard
200,kejelasan bertemu pemprov dki warga ancam dobrak ung susun bayam jokowi jembut ciplukan japan maroko parahyangan grup ard
201,bambang tri mulyono pelapor ijazah palsu presiden jokowi ditahan rutan mapolresta solo jokowi jembut ciplukan japan maroko parahyangan grup ard
202,mantul aceh ğŸ‘ğŸ‘ğŸ‘ next sumbar
203,antusias warga aceh menyambut calon presiden partai nasdem bandara sim aceh
204,demokrasi dibungkam panah berbalik simpati dukungan anies insyaallah
205,bismillah ğŸ‡®ğŸ‡©ğŸ‘ typo title vid ğŸ™
206,periode mbah mu xin jinping rakyat china tolak lock down konoha pemimpin pinokio nambah periode pemimpin boneka wajib diturunkan
207,la ode terima kasih direktur indikator burhanudin muhtadi dianggapnya â€œperpanjanganâ€ suara relawan anies pemilu potret hasil sigi pelajaran pendukung
208,bukti anies baswedan â¤ï¸ tahun memimpin dki jakarta rt like yuk
209,pencabutan izin acara anies baswedan bukti kepanikan fair
210,hasil survey indikator politik memiliki trend kenaikan dukungan masyarakat meningkat pesat
211,selamat pagi indonesia pendukung prabowo bergeser anies retwit like
212,jaga kerukunan relawan anies baswedan
213,pki aceh ğŸ˜¡ğŸ˜¡ğŸ˜¡ penguasa titipan oligarki
214,anies baswedan simpati rakyat
215,keterpilihan anies meroket andi sinulingga ngerti blusukannya dipersulit kamis desember meninggal mahasiswa cakep depok minion fearless suarez marocco maljum malam jumat
216,pidato wajah rambut gelora karno kamis meninggal
217,survei indikator elektabilitas anies yesss selayaknya â¤ï¸
218,anies meroketğŸ‘ğŸ™ğŸ‡²ğŸ‡¨
219,video izin acara dicabut anies beswedan aceh
220,next ri keterpilihan anies meroket aui ganjar prabowo turun tajam jokowi goto aids desember unila depok sisca kohl google doodle
221,viral beredar poster sholawat akbar doa nusantara ganjar netizen musiman mendadak islami jokowi goto aids desember unila depok sisca kohl google doodle
222,subsidi bbm dikurangi subsidi motor listrik said didu cek agen motor listrik jokowi goto aids desember unila depok sisca kohl google
223,anies baswedan jegal safari politik daerah nasdem meradang jokowi goto aids desember unila depok sisca kohl google doodle
224,sumpah benny rhamdani diungkit seret prabowo penjara andi sinulingga serem banget jokowi goto aids desember unila depok sisca kohl google doodle
225,serahkan juta sertifikat tanah jokowi senang jari kasih sepeda jokowi goto aids desember unila depok sisca kohl google doodle
226,gegara gagal berantas tambang ilegal ganjar disentil hadapi mafia klaten aja berkutik pusat jokowi goto aids desember unila depok sisca kohl google
227,status wa susi bikin bharada heran ih manusia jokowi goto aids desember unila depok sisca kohl google doodle
228,luhut pastikan ka argo parahyangan ditutup kereta cepat said didu china apapun jokowi goto aids desember unila depok sisca kohl google doodle
229,kabagops polres metro jakpus akbp saufi salamun terluka menurunkan bendera bintang kejora jokowi goto aids desember unila depok sisca kohl google doodle
230,anies baswedan safari aceh lupakan reuni tahun jokowi goto aids desember unila depok sisca kohl google doodle
231,musni umar berkicau jembut anies netizen dibilang typo huruf jokowi goto aids desember unila depok sisca kohl google doodle
232,ump jateng terendah said didu ol rambut putih hasil pemimpin mikirin rakyat jokowi goto aids desember unila depok sisca kohl google doodle
233,macan ompong lengser presiden jokowi rebut jabatan ketum pdip parpol jokowi goto aids desember unila depok sisca kohl google
234,pn tangerang sahkan perkawinan beda agama pks melanggar konstitusi hukum agama jokowi goto aids desember unila depok sisca kohl google doodle
235,sambo balas dendam bongkar setoran tambang ilegal petinggi polri gus umar coba deh kau bongkar jokowi goto aids desember unila depok sisca kohl google doodle
236,upaya mengganggu silaturrahmi anies masyarakat aceh
237,aceh menyambut anies
238,anies baswedan surya paloh tokoh perubahan harapan indonesia pundak semoga kekuatan kesehatan
239,temanteman aceh insyaallah halangan besok anies baswedan aceh bersilaturahmi semoga acara aceh besok lancar ğŸ™ aamiin yra
240,laksanakan yuuk nonton yu elektabilitas anies baswedan meningkat
241,alhamdulillah indikator elektabilitas anies tempel ganjar salip prabowo cawapres kunci
242,anies baswedan gagasan rekam jejak publik
243,tanggung kriteria tambahi calon presiden hafal ikan ğŸ¤£ğŸ¤£
244,saksikan dialognya sore koordinator relawan anies bang
245,rakyat aceh menolak silaturahmi aceh keputusan pemda aceh mewakili rakyat aceh
246,nasdem mengalihkan lokasi panggung silaturahmi anies masyarakat lapangan bola kaki ong pango raya us politeknik aceh pango
247,alhamdulillah â€¦ pribadi mayoritas rakyat indonesia sdh tdk percaya lembaga survey semangat
248,survei ipi elektabilitas ganjar pranowo teratas prabowo disalip anies baswedan via
249,org kayak gini trs dicariÂ² kesalahannya go anies go indonesia layak
250,catat ganjar pranowo jokowi nyungsep anies baswedan melejit siang jokowi jembut aids desember secret number amanda zahra unila australia sisca kohl
251,jahat jokowi serang anies baswedan perintahkan relawan dukung ganjar siang jokowi jembut aids desember secret number amanda zahra unila australia sisca kohl
252,petugas parpol jokowi macan ompong pemilu siang jokowi jembut aids desember secret number amanda zahra unila australia sisca kohl
253,pertamina harga bbm shell siang jokowi jembut aids desember secret number amanda zahra unila australia sisca kohl
254,safari anies aceh diganggu nasdem catatan demokrasi siang jokowi jembut aids desember secret number amanda zahra unila australia sisca
255,harga bbm pertamina siang jokowi jembut aids desember secret number amanda zahra unila australia sisca kohl
256,clear prabowoganjar pasangan diendorse jokowi pemilu siang jokowi jembut aids desember secret number amanda zahra unila australia sisca kohl
257,reuni terancam kehadiran habib rizieq shihab siang jokowi jembut aids desember secret number amanda zahra unila australia sisca kohl
258,titip ponakan fakultas kedokteran rektor unila zulhas ngacir siang jokowi jembut aids desember secret number amanda zahra unila australia sisca kohl
259,safari politik anies baswedan daerah dijegal via perizinan nasdem bupatinya mendadak tekanan siang jokowi jembut aids desember secret number amanda zahra unila australia sisca kohl
260,analis layak relawan izin presiden bertempur hadapi serangan lawan siang jokowi jembut aids desember secret number amanda zahra unila australia sisca kohl
261,ambu anne ngaku nafkah kang dedi borong pembalut wanita mah sayang wanita siang jokowi jembut aids desember secret number amanda zahra unila australia sisca kohl
262,luhut kurs rupiah tembus rp ekonomi ri bagus siang jokowi jembut aids desember secret number amanda zahra unila australia sisca kohl
263,viral diamdiam spanduk prabowoerick bertebaran jalan cipatatcianjur siang jokowi jembut aids desember secret number amanda zahra unila australia sisca kohl
264,rocky gerung ikn bayinya jokowi dibesarkan siang jokowi jembut aids desember secret number amanda zahra unila australia sisca kohl
265,jokowi situasi tahun sulit memiliki perasaan siang jokowi jembut aids desember secret number amanda zahra unila australia sisca kohl
266,safari politik anies daerah dihambat pemda cabut izin kegiatan siang jokowi jembut aids desember secret number amanda zahra unila australia sisca kohl
267,gerebek sarang narkoba ung bahari polisi diserang warga siang jokowi jembut aids desember secret number amanda zahra unila australia sisca
268,penganut agama kristen inggris turun ateis islam signifikan siang jokowi jembut aids desember secret number amanda zahra unila australia sisca kohl
269,pengamatan muslim jokowi gelisah hukum kkn utang siang jokowi jembut aids desember secret number amanda zahra unila australia sisca kohl
270,kelompok reuni masjid at tiin tmii mengundang tokoh politik siang jokowi jembut aids desember secret number amanda zahra unila australia sisca kohl
271,esdm anggaran rp bagibagi rice cooker gratis susi pudjiastuti usulkan fantastis siang jokowi jembut aids desember secret number amanda zahra unila australia sisca kohl
272,kapolres cianjur dianggap immanuel ebenezer kapolri lakukan evaluasi siang jokowi jembut aids desember secret number amanda zahra unila australia sisca kohl
273,viral sim pengemudi cewek polisi mabuk dilayani pinggir jalan siang jokowi jembut aids desember secret number amanda zahra unila australia sisca
274,jokowi dibandingbandingin presiden dinilai pemimpin terjangkit sindrom siang jokowi jembut aids desember secret number amanda zahra unila australia sisca kohl
275,persiapan reuni tmii ir persen izin kantong translate berita bahasa inggris siang jokowi jembut aids desember secret number amanda zahra unila australia sisca kohl
276,bg puji prabowo pengamat jokowi cenderung menyukai prabowo akhirakhir siang jokowi jembut aids desember secret number amanda zahra unila australia sisca kohl
277,jokowi kunjung ditegur suka bahas coprascapres pdip menghibur siang jokowi jembut aids desember secret number amanda zahra unila australia sisca kohl
278,gus mus iwan fals sujiwo tejo merespon kode rambut putih jokowi siang jokowi jembut aids desember secret number amanda zahra unila australia sisca kohl
279,rocky gerung nilai jokowi bentuk partai lengser buzzer projo embrionya siang jokowi jembut aids desember secret number amanda zahra unila australia sisca
280,pengakuan pelaku racuni keluarga tewas magelang sakit hati dibebani ekonomi siang jokowi jembut aids desember secret number amanda zahra unila australia sisca kohl
281,viral ikan terd ar pesisir pantai jakarta bertanda gempa penjelasan bmkg siang jokowi jembut aids desember secret number amanda zahra unila australia sisca
282,mengerikan kkb berulah tembak anggota brimob patroli yahukimo tewas siang jokowi jembut aids desember secret number amanda zahra unila australia sisca kohl
283,kabar megawati pecat jokowi pdip garagara pecah kongsi siang jokowi jembut aids desember secret number amanda zahra unila sisca kohl
284,membenci anies nanya â€œkenapa sih milih diaâ€ gua â€˜kerena prestasi beliau hasil pembangunan jakarta gua rasakan emang dukung dukung prestasinya coba sebutinâ€™ â€œğŸ¦—ğŸ¦—ğŸ¦—â€
285,engga tokoh dijemput massa disambut massa retwit ai neptunus alien
286,rocky gerung masyarakat proyek gagal buzzer berkembang biak era jokowi jokowi jembut aids desember revanclaw arab saudi australia messi argentina
287,terbongkar bekas rektor unila karomani akui mendag zulkifli hasan titip mahasiswa setor uang jokowi jembut aids desember revanclaw arab saudi australia messi argentina
288,rekomendasi novel romantis terbaik bikin baper gratis jokowi jembut aids desember revanclaw arab saudi australia messi argentina
289,rekomendasi novel dewasa terbaik gratis jokowi jembut aids desember revanclaw arab saudi australia messi argentina
290,pdip relawan jokowi politisi demokrat palingan cuman drama nonton ajaâ€¦ jokowi jembut aids desember revanclaw arab saudi australia messi argentina
291,acara relawan jokowi gbk ketum gp mania tereliminasi jokowi jembut aids desember revanclaw arab saudi australia messi argentina
292,jokowi dinilai sepenuhnya merah banteng internal pdip solid jokowi jembut aids desember revanclaw arab saudi australia messi argentina
293,zulhas airlangga mardiono kerutan wajah jenggotnya putih sakti jokowi jembut aids desember revanclaw arab saudi australia messi argentina
294,rg anies oportunis nasdem koneksi oligarki jokowi jembut aids desember revanclaw arab saudi australia messi argentina
295,kodekode jokowi gus mus rambutku putih dahiku berkerut jokowi jembut aids desember revanclaw arab saudi australia messi argentina
296,dimiskinkan polisi sita jetski speedboats kapal pesiar bos judi apin bk jokowi jembut aids desember revanclaw arab saudi australia messi argentina
297,viral video lawas benny rhamdani gerombolan politik berjubah musuh bangsa jokowi jembut aids desember revanclaw arab saudi australia messi argentina
298,nyali kalengkaleng jokowi berani tahun abaikan anak kesayangan megawati kabinet jokowi jembut aids desember revanclaw arab saudi australia messi argentina
299,pendukung kecewa prabowo kabinet ahmad dhani finish jokowi jembut aids desember revanclaw arab saudi australia messi argentina
300,rambut putih jubir demokrat jokowi presiden komika jokowi jembut aids desember revanclaw arab saudi australia messi argentina
301,panitia undang anies reuni masjid at tin gegara capres nasdem jokowi jembut aids desember revanclaw arab saudi australia messi argentina
302,temu relawan sugbk ditaksir berbiaya rp pengamat konsen jokowi rel jokowi jembut aids desember revanclaw arab saudi australia messi argentina
303,jk jokowi berubah refly berharap kesederhanaannya pro rakyat jokowi jembut aids desember revanclaw arab saudi australia messi argentina
304,identitas jokowi hancur rizal ramli pidato kiri langkahnya kanan jokowi jembut aids desember revanclaw arab saudi australia messi argentina
305,ajak wisudawan ubk anggota legislatif puan sungkansungkan jokowi jembut aids desember revanclaw arab saudi australia messi argentina
306,dikasih mati anak geram ferdy sambo bantai brigadir jokowi jembut aids desember revanclaw arab saudi australia messi argentina
307,berkas dinyatakan lengkap bos judi apin bk disidang jokowi jembut aids desember revanclaw arab saudi australia messi argentina
308,pdip jokowi dijebak acara gbk netizen beneran dijebak kasih isyarat jari jokowi jembut aids desember revanclaw arab saudi australia messi argentina
309,miris dilema pdip elektabilitas puan maharani tertolong jokowi jembut aids desember revanclaw arab saudi australia messi argentina
310,anggota satbrimobda ung gugur kontak tembak kkb papua jokowi jembut aids desember revanclaw arab saudi australia messi argentina
311,herzaky anye jokowi fokus jokowi jembut aids desember revanclaw arab saudi australia messi argentina
312,nahloh nama zulhas terseret suap rektor unila karomani kpk dalami surat tuntutan jaksa jokowi jembut aids desember revanclaw arab saudi australia messi argentina
313,biarkan video berbicara ğŸ‘ semoga anies lindungan allah swt ğŸ™
314,hasil survey calon preaiden tahun anies baswedan yuk saksikan
315,kaitannya jokowi pembusukan peninggalan hasil anies jakarta mudahÂ² rakyat cerdas
316,pembatalan izin penggunaan lokasi uptd taman seni budaya taufiqulhadi mengaku konfirmasi bersangkutan
317,pembatalan izin penggunaan lokasi uptd taman seni budaya taufiqulhadi mengaku konfirmasi bersangkutan
318,des ğŸ“ dont miss it
319,â€œkenapa nasdem izin dibatalkan mendekati janganjangan anies baswedan iniâ€
320,desmond matinya narasi presiden cilik meninggal
321,anggota partai positif negaranya jabatan
322,yuk nonton mlm koord presidium relawan anies bang
323,copot pejabat gelar formula bangun jis warganet sentil heru istana rusak karya anies jokowi pengendalian imei desember ravenclaw
324,copot pejabat gelar formula bangun jis warganet sentil heru istana rusak karya anies jokowi pengendalian imei desember
325,pengamat cium hubungan megawati jokowi persimpangan jalan pecah kongsi jokowi pengendalian imei desember ravenclaw
326,perang bintang panas ferdy sambo bongkar suap tambang ilegal said didu tunjukkan tajimu sambo jokowi pengendalian imei desember ravenclaw
327,dikulik hakim sambo putri pisah rumah bharada ajudan jokowi pengendalian imei desember ravenclaw
328,populasi muslim inggris meningkat persen jokowi pengendalian imei desember ravenclaw
329,kuil thailand kosong gegara biksunya positif narkoba jokowi pengendalian imei desember ravenclaw
330,refly harun tuding jokowi ngotot depak anies dinasti politik kaesang incar jabatan solo jokowi pengendalian imei desember ravenclaw
331,putri candrawathi lengket brigadir bharada suka bercanda jokowi pengendalian imei desember ravenclaw
332,anggota polisi sulawesi selatan diperintahkan tembak pelaku pembusuran jokowi pengendalian imei desember ravenclaw
333,pakar ancaman benny ramdhani pejabat negara bicara tempar tempur jokowi pengendalian imei desember ravenclaw
334,bharada ulas pertengkaran sambo istri perempuan dikenal rumah bangka jokowi pengendalian imei desember ravenclaw
335,rizal ramli sindir jokowi periode situ berjuang menegakkan demokrasi eh preteli jokowi pengendalian imei desember ravenclaw
336,menteri anggota dpr kepala daerah menitipkan nama karomani diloloskan kuliah unila jokowi pengendalian imei desember ravenclaw
337,ganjar posisi teratas pdip ditinggal pemilih jokowi pengendalian imei desember ravenclaw
338,bharada bongkar wanita rumah sambo menangis putri yosua turun bawa senjata jokowi pengendalian imei desember ravenclaw
339,rizal ramli soeharto sby turun nggak ribut jokowi premature postpower syndrome jokowi pengendalian imei desember ravenclaw
340,jelang pernikahan kaesang erina sang mantan felicia tissue banjir kiriman doa warganet jokowi pengendalian imei desember ravenclaw
341,ganjar beking tambang ilegal klaten gedegede eh diceletukin lapor kapolri jokowi pengendalian imei desember ravenclaw
342,terbongkar rencana jokowi heru budi pimpin jakarta polanya ketahuan jokowi pengendalian imei desember ravenclaw
343,tempur benny rhandani mayoritas bereaksi jokowi pengendalian imei desember ravenclaw
344,raja tega rizal ramli jokowi canggih lakukan transaksi politik ketimbang soeharto jokowi pengendalian imei desember ravenclaw
345,salahnya anies eks projo presiden jokowi pendendam singgung sby ademayem jokowi pengendalian imei desember ravenclaw
346,pks soroti kehadiran jokowi acara nusantara bersatu kegiatan dihadiri presiden jokowi pengendalian imei desember
347,rizal ramli bongkar rahasia kemenangan jokowi presiden strateginya jokowi pengendalian imei desember ravenclaw
348,aksi berpendidikan denny siregar disemprot gaya preman lontong sok jagoan jokowi pengendalian imei desember ravenclaw
349,jk singgung politik identitas capres pesantren jokowi pengendalian imei desember ravenclaw
350,relawan jokowi serang pdip aneh bertemu presiden dilarang jokowi pengendalian imei desember ravenclaw
351,buzzer perusak demokrasi rocky gerung publik buzzer dipelihara era jokowi jokowi pengendalian imei desember
352,blakblakan politisi pdip acara gbk urgensinya jokowi ketemu rakyat relawan jokowi pengendalian imei desember ravenclaw
353,muslim ai megawati â€œdikadaliâ€ jokowi jokowi pengendalian imei desember ravenclaw
354,peresmian amn panggung politik bg kerutan dahi persen identik prabowo jokowi pengendalian imei desember ravenclaw
355,dedi mulyadi tudingan pencitraan fokus jokowi pengendalian imei desember ravenclaw
356,pesan jokowi jelang tahun politik ai benturan mengadu domba jokowi pengendalian imei desember ravenclaw
357,ismail bolong mangkir pemeriksaan alasan stres jokowi pengendalian imei desember ravenclaw
358,kepala bin budi gunawan kerutan pemimpin versi jokowi persen identik prabowo jokowi pengendalian imei desember ravenclaw
359,munculkan kriteria calon pemimpin nasional jokowi caper megawati pdip jokowi pengendalian imei desember ravenclaw
360,elektabilitas bacapres baliho pinggir jalan rocky gerung sumber uangnya survei bohong jokowi pengendalian imei desember ravenclaw
361,video benny rhamdani ray rangkuti sedih substansi relawan jokowi pengendalian imei desember ravenclaw
362,heru budi pencopotan jajaran direksi jakpro bangun jis formula penyegaran jokowi pengendalian imei desember ravenclaw
363,sekeluarga tewas kalideres ikuti ritual polisi temukan buku mantra menyan jokowi pengendalian imei desember ravenclaw
364,acara gbk mengkerdilkan presiden jokowi nggak omong kosong jokowi pengendalian imei desember ravenclaw
365,mui jember joget pargoy haram gerakannya erotis jokowi pengendalian imei desember ravenclaw
366,survei persen pendukung pdip badan ganjar pranowo dicapreskan jokowi pengendalian imei desember ravenclaw
367,tumbal kanjeng iblis kuras emosi putri ayudya jokowi pengendalian imei desember ravenclaw
368,ğŸ®ğŸ”¥ gt group ğŸ”¥ğŸ® minimal betting terciamikğŸ¥°ğŸ¥° ğŸ‘‰ ğŸ‘‰
369,persiapan temanteman presidium annas wilayah riau menyambut kedatangan calon presiden ri bumi lancang kuning kota pekanbaru tgl desember tgl desember
370,tahun kemelut imb gereja damai kristus alhamdulillah selesai tangan gubernur diselesaikan gub minoritas pemerintahan insyaallah
371,jgn ragu bimbang indonesia berkeadilan beradap mari bersatu mendukung pemimpin pemersatu bangsa perubahan indonesia lbh tangan pemimpin pemersatu bangsa follow us
372,we are bali stand up for anies for better indonesia futuresâ€¦ğŸ‘ğŸ‘ğŸ‘
373,fans tau prestasi sehebat anye blusukan pelosok negeri membuahkan hasil signifikan ğŸ¤£ğŸ¤£ğŸ¤£
374,pejabat jakpro adakan formula bangun jis dicopot pj gubernur dki jokowi katolik racists secret servicest rashford girl take over
375,survei voxpol center pemilih anies baswedan prestasi prabowo dipilih ketegasan jokowi katolik racists secret servicest rashford take over
376,dprd dki buka suara penghapusan jabatan walikota bupati jakarta jokowi katolik racists secret servicest rashford girl take over
377,politik tukar kekuasaan indonesia revolusi reformasi jokowi katolik racists secret servicest rashford girl take over
378,pascadeklarasi capres elektabilitas anies teratas nasdem melesat anies baswedan ganjar pranowo prabowo subianto
379,pengamat beda karakter pemilih anies ganjar prabowo jokowi katolik racists secret servicest rashford take over
380,menecekam aksi protes rakyat china chaos menakutkan pasukan asing jokowi katolik racists secret servicest rashford girl take over
381,panglima jilah pasukan merah dayak komando kawal jokowi jokowi katolik racists secret servicest rashford girl take over
382,menteri luhut gagal tata seribu tambang ilegal jokowi katolik racists secret servicest rashford girl take over
383,fakta persidangan terlibat terorisme ketua tim advokasi bela islam ustadz farid okbah cs bebas jokowi katolik racists secret servicest rashford girl take over
384,hantu pilpres uban ganjar sepatu anies jokowi katolik racists secret servicest rashford girl take over
385,nahloh gerakan nasional laporkan benny rhamdani bareskrim polri jokowi katolik racists secret servicest rashford girl take over
386,tanggung presiden ipw setuju polri koordinasi kemendagri jokowi katolik racists secret servicest rashford take over
387,jokowi sapa pasukan merah dayak kalimantan barat jokowi katolik racists secret servicest rashford girl take over
388,luncurkan desa antikorupsi firli petuah hatta â€œlilinlilin desaâ€ jokowi katolik racists secret servicest rashford take over
389,bukti kemenyan mantra petunjuk tabir kematian keluarga kalideres polisi gandeng sosiolog jokowi katolik racists secret servicest rashford girl take over
390,kabareskrim bantah diperiksa ferdy sambo setoran tambang ilegal jokowi katolik racists secret servicest rashford girl take over
391,beredar video lawas benny rhamdani pertontonkan narasi negatif gerombolan politik berjubah jokowi katolik racists secret servicest rashford girl take over
392,terpilihnya mardiasmo komut bank muamalat etik hukum jokowi katolik racists secret servicest rashford girl take over
393,penyebab jalan sholeh iskandar bogor amblas kedalaman ai meter jokowi katolik racists secret servicest rashford girl take over
394,pks dibisiki info pemerintah revisi uu ikn pakai apbn danai ikn jokowi katolik racists secret servicest rashford girl take over
395,temukan jenazah total korban meninggal akibat gempa cianjur jokowi katolik racists secret servicest rashford girl take over
396,tki meninggal jaman benny ramdhani lipat dibanding jumhur jokowi katolik racists secret servicest rashford girl take over
397,massa utasi desak st burhanuddin serius bersihbersih mafia hukum kejaksaan jokowi katolik racists secret servicest rashford girl take over
398,tok pemprov banten tetapkan ump juta jokowi katolik racists secret servicest rashford girl take over
399,tumbal kanjeng iblis kuras emosi putri ayudya jokowi katolik racists secret servicest rashford girl take over
400,jahat israel galang dukungan icj keluarkan opini penjajahan palestina jokowi katolik racists secret servicest rashford girl take over
401,piala dunia inggris gunduli wales jokowi katolik racists secret servicest rashford girl take over
402,sufmi dasco pengesahan rkuhp tunggu hasil bamus jokowi katolik racists secret servicest rashford girl take over
403,kisruh ung susun bayam politisi pdip anies janji manis mencekik warga jokowi katolik racists secret servicest rashford girl take over
404,memanas menlu latvia desak nato serang jantung rusia jokowi katolik racists secret servicest rashford girl take over
405,pengungsi korban gempa cianjur capai jiwa jokowi katolik racists secret servicest rashford girl take over
406,pembangunan proyek perkantoran bidaracina diduga bbm bersubsidi jokowi katolik racists secret servicest rashford girl take over
407,tanggung presiden ipw setuju polri koordinasi kemendagri jokowi katolik racists secret servicest rashford girl take over
408,duh pengungsi gempa cianjur alami gangguan jiwa jokowi katolik racists secret servicest rashford girl take over
409,piala dunia gol tunggal pulisic bawa as jokowi katolik racists secret servicest rashford girl take over
410,catat bahayanya kloning imei ponsel jokowi katolik racists secret servicest rashford girl take over
411,bank sulselbar ganti uang nasabah ditilep oknum pegawainya jokowi katolik racists secret servicest rashford girl take over
412,tes dna satukan anak orangtua terpisah tahun jokowi katolik racists secret servicest rashford girl take over
413,kejari jember tahan tersangka korupsi pengelolaan obat rsd soebandi jokowi katolik racists secret servicest rashford girl take over
414,piala dunia senegal amankan tiket tundukkan ekuador jokowi katolik racists secret servicest rashford girl take over
415,festival suling tambur raja at raih rekor muri jokowi katolik racists secret servicest rashford girl take over
416,viral terlibat curanmor wn inggris diciduk bali jokowi katolik racists secret servicest rashford girl take over
417,ade armando pendukung anies baswedan gerah gegara jokowi dukung sosok jokowi katolik racists secret servicest rashford girl take over
418,psg tinggalkan stadion parc des princes cari markas jokowi katolik racists secret servicest rashford girl take over
419,bupati cianjur warga pulang rumah waspada ancaman gempa jokowi katolik racists secret servicest rashford girl take over
420,laksamana yudo margono diajukan panglima tni rotasi matra jokowi katolik racists secret servicest rashford girl take over
421,rezim panik anies baswedan dilarang hadir muktamar alirsyad refly harun penguasa takut populer jokowi katolik racists secret servicest rashford girl take over
422,terbongkar raffi ahmad biang kerok acara politik jokowi gbk jokowi katolik racists secret servicest rashford girl take over
423,jokowi ngumpul gbk pengamat terangterangan bentuk perlawanan nasdem usung anies jokowi katolik racists secret servicest rashford girl take over
424,fenomena relawan gbk bentuk frustasi jokowi gagal tekan megawati jokowi katolik racists secret servicest rashford girl take over
425,pangi syarwi chaniago pemilih rasional cenderung pilih anies baswedan jokowi katolik racists secret servicest rashford girl take over
426,acara nusantara bersatu tuai kritikan ketum seknas jokowi agenda politik sapa relawan jokowi katolik racists secret servicest rashford girl take over
427,pengamat pdip takut ditinggal jokowi bebek lumpuh jokowi katolik racists secret servicest rashford girl take over
428,kekuatan ferdy sambo panggil komjen agus andrianto ismail bolong hasilnya ai kapolri jokowi katolik racists secret servicest rashford girl take over
429,calon pemimpin rambut putih dipilih jokowi ganjar pranowo prabowo jokowi katolik racists secret servicest rashford girl take over
430,nahloh beredar undangan aksi geruduk pecat kepala benny rhamdani jokowi katolik racists secret servicest rashford girl take over
431,gerindra pernyataan jokowi pemimpin rambut putih mikirin rakyat dijadikan polemik jokowi katolik racists secret servicest rashford girl take over
432,jokowi main politik praktis kodekode capres pengamat sadar jokowi katolik racists secret servicest rashford girl take over
433,pdip berani marahi jokowi pemimpin rambut putih petugas partai jokowi katolik racists secret servicest rashford girl take over
434,acara jokowi gbk bukti istana takut anies baswedan relawan uangnya cianjur jokowi katolik racists secret servicest rashford girl take over
435,waketum demokrat jk ahoker kalah pakai politik pecahbelah jokowi katolik racists secret servicest rashford girl take over
436,demokrat sejarah mencatat demokrasi dibegal pemimpin mandatnya ir sunset jokowi katolik racists secret servicest rashford girl take over
437,temanteman aceh merapat insyaallah tanggal desember anies aceh
438,adab menerima tamu islam komentar suporter bola non muslim merasakan mengalami qatar
439,petugas partai digeser ganti petugas negara rakyat
440,smrc didlmnya ganjaris ade armando sllu memenangkan ganjar
441,pilih
442,pilih
443,pilih
444,anies baswedan dilarang hadir muktamar alirsyad refly harun penguasa takut populer selasa nobember meninggal jokodok bebek fisik kambing juventus ferrari iran usa
445,relawan annas menyambut kedatangan calon presiden capres anies baswedan bumi lancang kuning desember
446,survey indopol suara anies meningkat deklarasi nasdem yesss anies baswedan â¤ï¸â¤ï¸ â¤ï¸
447,ğŸ®ğŸ”¥ gt group ğŸ”¥ğŸ® minimal betting terciamikğŸ¥°ğŸ¥° ğŸ‘‰ ğŸ‘‰
448,tok pemprov banten tetapkan ump juta jokowi penjilat jokodok nazis tempur lara ngeri fc onana allah penolong terbaik à¹‰à¸²à¸­à¸£à¸™à¸ à¸²
449,rambut putih ganjar prabowo prank jokowi penjilat jokodok nazis tempur lara ngeri fc onana allah penolong terbaik
450,alamat posko pa peduli korban gempa cianjur kota kabupaten cianjur jokowi penjilat jokodok nazis tempur lara ngeri fc onana allah penolong terbaik
451,piala dunia preview ekuador senegal prediksinya jokowi penjilat jokodok nazis tempur lara ngeri fc onana allah penolong terbaik
452,sentil jokowi kode sosok capres berambut putih pdip disiplin aturan partai jokowi penjilat jokodok nazis tempur lara ngeri fc onana allah penolong terbaik à¹‰à¸²à¸­à¸£à¸™à¸ à¸²
453,jokowi ditegur megawati merestui jokowi penjilat jokodok nazis tempur ngeri fc onana allah penolong terbaik
454,sindir puan maharani megawati pdip panggil jokowi sanksi jokowi penjilat jokodok nazis tempur lara ngeri fc onana allah penolong terbaik
455,rizal ramli dorong jokowi jujur agenda siapkan boneka oligarki rambut putih boneka jokowi penjilat jokodok nazis tempur lara ngeri fc onana allah penolong terbaik
456,prabowo lapor dugaan korupsi mark up alutsista kemenhan jokowi usut jokowi penjilat jokodok nazis tempur lara ngeri fc onana allah penolong terbaik
457,sony diprediksi rilis playstation jokowi penjilat jokodok nazis tempur lara ngeri fc onana allah penolong terbaik
458,korsel china ubah perilaku korut jokowi penjilat jokodok nazis tempur lara ngeri fc onana allah penolong terbaik
459,jokowi pilih capres gagasan rekam jejak kode fisik rambut putih jokowi penjilat jokodok nazis tempur ngeri fc onana allah penolong terbaik
460,piala dunia preview iran as lolos jokowi penjilat jokodok nazis tempur lara ngeri fc onana allah penolong terbaik
461,rusia bantah berniat kembalikan pltn zaporizhzhia ukraina jokowi penjilat jokodok nazis tempur lara ngeri fc onana allah penolong terbaik
462,yovie and nuno rilis merindu bentuk digital jokowi penjilat jokodok nazis tempur lara ngeri fc onana allah penolong terbaik
463,demo china pasar komoditas global jokowi penjilat jokodok nazis tempur lara ngeri fc onana allah penolong terbaik
464,pm malaysia anwar ibrahim terima kunjungan sultan brunei jokowi penjilat jokodok nazis tempur lara ngeri fc onana allah penolong terbaik
465,polresta sidoarjo bongkar penyalahgunaan bbm bersubsidi jokowi penjilat jokodok nazis tempur ngeri fc onana allah penolong terbaik
466,polresta sidoarjo bongkar penyalahgunaan bbm bersubsidi jokowi penjilat jokodok nazis tempur lara ngeri fc onana allah penolong terbaik
467,china perketat keamanan cegah demo antilockdown meluas jokowi penjilat jokodok nazis tempur ngeri fc onana allah penolong terbaik
468,polisi amankan terduga pemicu konflik maluku tenggara jokowi penjilat jokodok nazis tempur lara ngeri fc onana allah penolong terbaik à¹‰à¸²à¸­à¸£à¸™à¸ à¸²
469,piala dunia preview belanda qatar uhkah tuan rumah bangkit jokowi penjilat jokodok nazis tempur lara ngeri fc onana allah penolong terbaik
470,jaksa putar rekaman cctv senapan ferdy sambo jatuh jokowi penjilat jokodok nazis tempur lara ngeri fc onana allah penolong terbaik à¹‰à¸²à¸­à¸£à¸™à¸ à¸²
471,kremlin sambut tawaran vatikan tengahi konflik rusiaukraina jokowi penjilat jokodok nazis tempur lara ngeri fc onana allah penolong terbaik
472,partai garuda arahan jokowi diremehkan ketum parpol jokowi penjilat jokodok nazis tempur ngeri fc onana allah penolong terbaik à¹‰à¸²à¸­à¸£à¸™à¸ à¸²
473,partai garuda arahan jokowi diremehkan ketum parpol jokowi penjilat jokodok nazis tempur lara ngeri fc onana allah penolong terbaik
474,isyana sarasvati bergabung petualangan sherina perannya jokowi penjilat jokodok nazis tempur lara ngeri fc onana allah penolong terbaik
475,tim sar temukan jenazah ayah peluk putrinya tertimbun longsor desa cijedilcianjur jokowi penjilat jokodok nazis tempur lara ngeri fc onana allah penolong terbaik
476,aman ratusan korban gempa cianjur terpaksa mengungsi kuburan jokowi penjilat jokodok nazis tempur lara ngeri fc onana allah penolong terbaik
477,akbp arif rachman instruksi sambo pembunuhan brigadir jokowi penjilat jokodok nazis tempur lara ngeri fc onana allah penolong terbaik
478,longsor kamerun tewaskan pelayat jokowi penjilat jokodok nazis tempur lara ngeri fc onana allah penolong terbaik
479,ukraina digempur rusia zelensky walikota kiev cekcok jokowi penjilat jokodok nazis tempur lara ngeri fc onana allah penolong terbaik
480,kpk panggil saksi terkait akbp bambang kayun jokowi penjilat jokodok nazis tempur lara ngeri fc onana allah penolong terbaik
481,lepas status duda teddy syah nikahi anne kurniasih jokowi penjilat jokodok nazis tempur lara ngeri fc onana allah penolong terbaik
482,flick lega jerman terhindar kekalahan hadapi spanyol jokowi penjilat jokodok nazis tempur lara ngeri fc onana allah penolong terbaik
483,pengacara lukas enembe penuhi panggilan kpk jokowi penjilat jokodok nazis tempur lara ngeri fc onana allah penolong terbaik
484,ridho slank legit furniture hadirkan talenan berbentuk gitar jokowi penjilat jokodok nazis tempur lara ngeri fc onana allah penolong terbaik
485,viral pria brasil nikahi wanita sanggup bertahan jokowi penjilat jokodok nazis tempur lara ngeri fc onana allah penolong terbaik
486,presiden jokowi penjilat jokodok nazis tempur lara ngeri fc onana allah penolong terbaik
487,benny ramdhani ngeles tuding politikus pdip faham isi pembicaraan jokowi penjilat jokodok nazis tempur lara ngeri fc onana allah penolong terbaik
488,wow ganjar direstui capres megawati bikin kader pdip mundur massal jokowi penjilat jokodok nazis tempur ngeri fc onana allah penolong terbaik à¹‰à¸²à¸­à¸£à¸™à¸ à¸²
489,elite pdip jokowi tinggalkan relawan tempur benny ramdhani pahami utuh jokowi penjilat jokodok nazis tempur lara ngeri fc onana allah penolong terbaik
490,gunung berapi aktif terbesar dunia meletus perdana tahun jokowi penjilat jokodok nazis tempur lara ngeri fc onana allah penolong terbaik à¹‰à¸²à¸­à¸£à¸™à¸ à¸²
491,bantahan agus andrianto hentikan pemeriksaan dugaan suap tambang ilegal kaltim jokowi penjilat jokodok nazis tempur ngeri fc onana allah penolong terbaik
492,yudo margono rajin update lhkpn kpk hartanya rp miliar jokowi penjilat jokodok nazis tempur lara ngeri fc onana allah penolong terbaik
493,tingkah jokowi bak ketum partai singgung megawati pengamat belajar sby jokowi penjilat jokodok nazis tempur lara ngeri fc onana allah penolong terbaik
494,laksamana yudo margono calon tunggal panglima dinilai penuhi prinsip keterwakilan matra tni jokowi penjilat jokodok nazis tempur lara ngeri fc onana allah penolong terbaik
495,terkuak ganjar pranowo ganti warna rambut putih jokowi penjilat jokodok nazis tempur lara ngeri fc onana allah penolong terbaik
496,tafsir rambut putih didukung jokowi ganjar pranowo jokowi penjilat jokodok nazis tempur lara ngeri fc onana allah penolong terbaik
497,berang benny rhamdani â€œizin tempurâ€ pdip jokowi relawan tinggalkan jokowi penjilat jokodok nazis tempur lara ngeri fc onana allah penolong terbaik
498,pengamat duga kriteria pemimpin berambut putih direstui megawati jokowi penjilat jokodok nazis tempur lara ngeri fc onana allah penolong terbaik
499,ditahan nikita mirzani relakan anaknya terbang qatar bertemu cristiano ronaldo jokowi penjilat jokodok nazis tempur ngeri fc onana allah penolong terbaik
500,puan maharani umumkan laksamana yudo margono calon tunggal panglima tni jokowi penjilat jokodok nazis tempur lara ngeri fc onana allah penolong terbaik à¹‰à¸²à¸­à¸£à¸™à¸ à¸²
501,puan maharani umumkan laksamana yudo margono calon tunggal panglima tni jokowi penjilat jokodok nazis tempur lara ngeri fc onana allah penolong terbaik
502,pemain arab saudi buka suara hadiah rolls royce phantom jokowi penjilat jokodok nazis tempur lara ngeri fc onana allah penolong terbaik
503,berkilah izin tempur benny rhamdani video utuh jokowi penjilat jokodok nazis tempur ngeri fc onana allah penolong terbaik
504,warganet serang keluarga gen halilintar media sosial diduga buntut menolak fuji calon menantu jokowi penjilat jokodok nazis tempur lara ngeri fc onana allah penolong terbaik
505,benny rhamdani tempur lawan penyerang jokowi relawan joman anye selesai jokowi penjilat jokodok nazis tempur lara ngeri fc onana allah penolong terbaik à¹‰à¸²à¸­à¸£à¸™à¸ à¸²
506,tb hasanuddin benarkan jokowi ajukan ksal yudo margono calon tunggal panglima tni jokowi penjilat jokodok nazis tempur lara ngeri fc onana allah penolong terbaik
507,benny rhamdani pemenang turun jalan lakukan jokowi penjilat jokodok nazis tempur lara ngeri fc onana allah penolong terbaik
508,pengamat gerakan nusantara bersatu upaya adu kekuatan relawan politik partai politik jokowi penjilat jokodok nazis tempur lara ngeri fc onana allah penolong terbaik
509,profil yudo margono calon panglima tni menggantikan jenderal andika perkasa jokowi penjilat jokodok nazis tempur lara ngeri fc onana allah penolong terbaik
510,dicintai umat dibanding jokowi habib rizieq disesaki umatnya dibolehkan hadiri reuni stadion gbk jokowi penjilat jokodok nazis tempur lara ngeri fc onana allah penolong terbaik
511,sundul ah
512,pascadeklarasi capres elektabilitas anies teratas nasdem melesat anies baswedan ganjar pranowo prabowo subianto
513,indonesia pemimpinnya memiliki etika moral etika
514,mendobrak politik konsfirasi
515,kirim yuk foto anies tl isi twitter fotofoto anies â¤ï¸ rt
516,bravo bang anies persija the jakmania
517,ayo gas poolğŸ‘ğŸ‘ğŸ‘
518,operasi gelap sasar anies baswedan munas kahmi muktamar alirsyad
519,bikin jk bersedia wapres jokowi panda nababan sosoknya jokowi duhh lgbt nazis keramat jepang gbk gempa cianjur gitasav livy
520,jennifer lopez rilis album this is me now jokowi duhh lgbt nazis keramat jepang gbk gempa cianjur gitasav livy
521,anies milik identitas elemen masyarakat indonesia berhak memiliki
522,from qatar to indonesia
523,jokowi lakukan puputan meninggal malam jendral andika perkasa
524,berjuang bertempur berjuang menggalang pendukung arb pelosok negeri wni negeri mencapai kemenangan
525,ribuan relawan annas sambut anies baswedan riau
526,pilih
527,pilih
528,survey indopol suara anies meningkat deklarasi nasdem yesss anies â¤ï¸ rt like yukkk
529,pilih
530,pilih
531,pilih
532,pilih
533,pilih
534,pilih
535,anies â€¦ allahuakbar
536,boloho presiden jokowi penjilat tempur odol relawan nazism kapolres maroko
537,klarifikasi benny rhamdani telepon gus umar benturkan masyarakat jokowi penjilat tempur odol relawan nazism kapolres maroko
538,memanas babe aldo tantang tempur benny rhamdani dimana jokowi penjilat tempur odol relawan nazism kapolres maroko
539,viral video emakemak pamer duit diduga hasil hadiri relawan jokowi jokowi penjilat tempur odol relawan nazism kapolres maroko
540,tanggapi pernyataan benny rhamdani nicho silalahi tempur lapangan haleluya jokowi penjilat tempur odol relawan nazism kapolres maroko
541,korban helikopter milik polri jatuh bangka belitung ditemukan jokowi penjilat tempur odol relawan nazism kapolres maroko
542,kantor sri mulyani dilempari botol air mineral tolak kenaikan cukai tembakau jokowi penjilat tempur relawan nazism kapolres maroko
543,relawan militan jokowi pernyataan benny rhamdani terindikasi penjilat pemecah belah bangsa jokowi penjilat tempur odol relawan nazism kapolres maroko
544,pidato wajah rambut gelora karno jokowi penjilat tempur odol relawan nazism kapolres maroko
545,bawa crew heli polri hilang kontak bangka belitung jokowi penjilat tempur odol relawan nazism kapolres maroko à¹‰à¸²à¸­à¸£à¸™à¸ à¸²
546,marah benderanya diubah iran desak fifa keluarkan as piala dunia jokowi penjilat tempur odol relawan nazism kapolres maroko
547,penghina jokowi ijazah palsu ditangkap bali ditemukan puluhan video jokowi penjilat tempur odol relawan nazism kapolres maroko à¹‰à¸²à¸­à¸£à¸™à¸ à¸²
548,ganjar pranowo semir rambut hitam istrinya protes suka rambut putih jokowi penjilat tempur odol relawan nazism kapolres maroko
549,acara relawan jokowi gbk artis ternama oh ternyataâ€¦ jokowi penjilat tempur odol relawan nazism kapolres maroko à¹‰à¸²à¸­à¸£à¸™à¸ à¸²
550,viral pemerintah china edit siaran piala dunia biar rakyatnya penonton pakai masker jokowi penjilat tempur relawan nazism kapolres maroko
551,panas iran tuntut amerika gegara kalimat allah hilang simbol negara piala dunia jokowi penjilat tempur odol relawan nazism kapolres maroko
552,menkes kambinghitamkan rakyat tagihan listrik pengguna bpjs jokowi penjilat tempur odol relawan nazism kapolres maroko
553,andi sinulingga jokowi presiden republik indonesia kelompok jokowi penjilat tempur odol relawan nazism kapolres maroko
554,label gereja tenda pengungsi gempa cianjur dicopot paksa pelaku diamankan jokowi penjilat tempur odol relawan nazism kapolres maroko
555,warga shanghai teriakkan â€œmundur xi jinping partai komunisâ€ demo terbesar china jokowi penjilat tempur odol relawan nazism kapolres maroko
556,bhenny rhamdani ajak tempur masyarakat pengamat bicara pejabat negara mengecewakan jokowi penjilat tempur odol relawan nazism kapolres maroko
557,sby endorse capres wasekjen demokrat jokowi tingkah presiden jatuhkan wibawa jokowi penjilat tempur odol relawan nazism kapolres maroko
558,ipw polisi ancam santri gowa pakai pistol ditindak keras jokowi penjilat tempur odol relawan nazism kapolres maroko
559,sinyal jokowi pemimpin rambut putih dikaitkan ganjar politisi pdip kegeeran jokowi penjilat tempur relawan nazism kapolres maroko
560,ambil gaji pm malaysia anwar ibrahim tolak mobil dinas mercedesbenz jokowi penjilat tempur odol relawan nazism kapolres maroko
561,ambil gaji pm malaysia anwar ibrahim tolak mobil dinas mercedesbenz jokowi penjilat tempur odol relawan nazism kapolres maroko
562,petani tembakau bersikeras berdialog menteri sri mulyani jokowi penjilat tempur odol relawan nazism kapolres maroko
563,viral video dihadapan presiden kepala ajak perang melawan penguasa netizen geram jokowi penjilat tempur odol relawan nazism kapolres maroko
564,jokowi kumpulkan relawan gbk sekjen pdip manipulasi jokowi penjilat tempur odol relawan nazism kapolres maroko
565,baca ketentuan anye
566,personal kader pan indonesia jagokan petinggi pan penjilat jagokan ğŸ¸ğŸ˜ğŸ˜…ğŸ˜‚ğŸ¤£
567,udh bicara nabi presiden nyağŸ¤£ğŸ˜‚ğŸ¤£ğŸ˜‚ğŸ¤£ nyapres nyabiğŸ˜‚ğŸ˜‚
568,tim underdog pakğŸ˜ğŸ™
569,kunjungan polanya halaman gedung nongol sun roof mobil lambai lambai seakan disambut turun ai ğŸ¤­ğŸ¤£ğŸ¤£ğŸ¤£
570,safari politik anies musti pahami anye capres keliling indonesia menjajakan ğŸ˜‚ anies bacapres versi nasdem bacapres keputusan koalisi andaikan koalisi gagal terbentuk anies gagal maju capres versi nasdem nasdrun
571,besok dapet gelar adat datuk rajo mangecek nan batipu selamat nies ente minangğŸ‘ğŸ˜…
572,relawan perubahan sumbar mendukung anies baswedan capres cc
573,mengejutkan anggota partai pan pekanbaru hadir sikap dukung mas panggung silaturahmi kebangsaan indonesia perubahan masyarakat pekanbaru arus pan dukung anies semoga komitmen ai
574,hebat superheru ahok bangun titik pompa air normalisasi sungai anies bangun sumur resapan naturalisasi sungai superheru sungai banyakin bacot buzzer jakarta bebas banjir hasil karya superheruğŸ˜‚ğŸ˜‚
575,sepakat den ganjar marak btw dilaporkan dipenjarakan terkait urusan meet and greet
576,dri udh gw kumpulin
577,jet pribadi pemberian allah pendukungnya krn pemberian allah penduduk merkurius venus mars jupiter saturnus uranus neptunus pluto
578,metro tv menyiarkan kegiatan anies
579,firli ğŸ˜¤
580,drun kadrun udh dpt nasi lebok kanğŸ¤£ğŸ¤£
581,mendingan drpd dimasjid
582,anies baswedan tumpuan harapan rakyat indonesia memperbaiki kondisi negara terarah
583,pki partai kadrun indonesia
584,deklarasi relawan perubahan indonesia sejahtera presiden mas anies keadilan sosial rakyat indonesia terwujud serius tenang tuntas biar mas anies baswedan presiden ri keliling indonesia berat biar mas anies
585,nanya situ dr td buzzerp udah drun berbobot ğŸ˜ğŸ˜†
586,udah dilayani mas pah aham
587,ratus take videonya
588,permulaan partai pengusung safari politik resmi deklarasi terbayang lautan massa menyambut calon presiden bani kolam sabar ujian
589,foto dr mobil anies ngga lempar kaos ğŸ˜… maaf ngga meramaikan karna cuaca kota padang hujan
590,oligarki jet milik allah ğŸ˜¯ğŸ˜ disambut lautan jembut
591,datangi anis tunggui doorprize ğŸ˜„ğŸ˜„
592,gmn dr cantik tifa alat transportasi dis aikan pecatan menteri mhn konformasinya
593,maen kek gni kalahğŸ¤£ğŸ¤£ğŸ¤£
594,antusias masyarakat riau menyambut kedatangan bandara sultan syarif qasim ii simpang riau riau anies baswedan
595,nasi dos kuah sayur
596,tenang msh bacalon kokitupun blm calonğŸ˜Š
597,bismillah coblos nasdem keluarga muhammadiyah tinggalkan pan
598,bp mengedukasi masy lbh obyektif memilih pemimpin tdk terjebak pd mengkultuskan individu mengabaikan prog kerjashg diingkari
599,versi uu no thn kpu pelaksanaan pemilu ndak baca
600,jeka
601,anis bkn pejabat negara aktf manfaatkan fasilitas negara salah
602,buzzerp blm smart ğŸ¤£
603,mulia ciliwung bersih beginisembah sujud untukmu anies
604,ambil sembakonya drun
605,wahhh udah aja nih kmrn bentar lg nih brarti nih diangkat jd mentri mentri urusan jembut anis toket acehjkt
606,relawan anies sambut kedatangan anies baswedan riau baliho anies terpasang disudutsudut kota anies center indonesia aci mengatur acara anies baswedan partai nasdem riau
607,prabowo menang tanah minang koek suara nasional ğŸ˜‚
608,berita bagus nich rt yuk
609,anis tolong bantu sayağŸ™
610,kesempatan mafia migas tanam saham
611,sinetronnya tayang jam brp minâ€¦
612,berkunjung daerah nusantara rangka serius nanya
613,dukung anies baswedan khilafah anies baswedan presiden khilafah lahir
614,ri dipimpin arap patek genah catat
615,nama nyaa menjajakan mudahÂ²an lakuğŸ¤­
616,anies kota pekanbaru
617,pa surya paloh
618,bravo pekan anies
619,semoga anies warga hadir kesehatan allah swt semoga jln kemudahan ikhtiar anies ğŸ¤²ğŸ¤²
620,tegakkan khilafah dukung anies baswedan
621,kedatangan aceh tl inti isinya narasi serentak fix demo leparan telur busuk tl kaitan fragmen cerita judulnya playing victim
622,detik detik anies pekanbaru riau wib
623,pswt bewok modalin pemecah belah pingin dpt lbh bisnis mega
624,klarifikasinya
625,uang hasil kelebihan bayar th gubernur
626,sumbangan dr relawannya ğŸ˜ sumbangan ğŸ˜
627,gubernur diangkat kinerjanya drpd hsl pilihan intimidasi jual ayat ancam mayat menghabiskan apbd
628,calon presiden partai nasdem catat
629,terima kasih mensejajarkan pengangguran presiden aktif catatan anies ditunggu kedatangan embel embel beda jokowi penunggu bayaran lempar kaos sembako lop
630,konsolidasi kadrun kadrun nama alumni timur tengah ngumpul ngumpul pergerakan neeh kayanya prediksi gue dukung xixixixix
631,apaÂ²lah mantan gubernur apbd triliun
632,anye membuka pendaftaran capres wapres
633,elektabilitas anies salip prabowo nasdem rakyat presiden berbeda cc
634,pas pulang kasih uang saku ğŸ˜…ğŸ¤£ğŸ¤£
635,tuh gw ganti klo full dm gw
636,insyaallah sumatera utara menyumbang suara anies
637,ğŸ˜‚ğŸ˜‚kadrun byk berkelas ga sogok sm cuan sembako ga golongan ditabok pakai cuan apalg buzzer byran denny siregar eko kuntdhi abu janda ade armando kribo lintah
638,sukabumi menunggu
639,dijarno ae karo amies bs dptdukungan dr berbagailapisan menabrakaturan
640,laki laki cari nafkah bedah ama relawan jokowi gbk kemarin kasih transportasi geratis kasih uang saku kasih nasi bungkus datangkan wilayah indonesia
641,terima kasih dukungannya anies capres ganjar pranowo ğŸ‘ğŸ‘
642,aceh menyumbang suara anies
643,hmi nu muhammadiyah partai politik anies butuh suara partai gimana tuh
644,masyrakat dgan sambutan biasajgan sambutan basabasi baisa
645,cc
646,pemilik embraer legacy
647,jagoan spt anies baswedan ğŸ¤­
648,sdg proses calon presiden
649,presiden ri
650,penggemar bokep pakai pp comot nih
651,last jump before dying
652,anies study usa afs program pertukaran pelajar indonesiaamerika anies muda kekuasaan soeharto kecerdasan leadership anies gubernur dki gagasan prestasi
653,nasdem calon cintai rakyat antusias memfasilitasi nasi bungkus sembako
654,masyarakat padang sumatra barat menyambut calon president hujan perubahan indonesia perdamaian
655,mengulang kesukseaan pilkada dki jakarta presiden indonesia
656,bentuk cinta masyarakat minangthdp calon pemimpinyg harapkandan dikhianati prabowo
657,lbh peduli mendorong terbentuknya kedamaian kesetaraan tengah kehidupan berbangsa bernegara beradab cc
658,anis turunan yaman pribumi aslijgn gadai pribumi mengusung turunan yamanyg nyambut kader nasdempksdemokratrelawan kadrunhtifpi daerah dikerahkansemoga pribumi pro anis jakartasumutacehsultengsumbarriau sadar
659,sehat anis kepri batam tunggu
660,aja inğŸ˜‹ğŸ˜‹
661,nasdem menunggangi anies
662,anis dikawal garda nasdem debt colector
663,Ø¨Ø§Ø±Ùƒ Ø§Ù„Ù„Ù‡ ÙÙŠÙƒÙ… Ø¬Ù…ÙŠØ¹Ø§Ù‹ smg allah swt mentaqdirkan anies jd presiden
664,kaya dki bunda paudnya aja hibah dn bunda paud istrinyablm kelebihan bayardi pee perluasan daratan dn tower nasdemgak berseri dh tuh duitnyağŸ˜€ğŸ˜€ğŸ˜€ğŸ•ğŸ•ğŸ•
665,ga kaos sembako karna sdh dihati
666,ode made iyo rami dusanak ambo insya allah warga minang milih anies
667,surya paloh jet pribadi dipakai jokowi anye
668,restorasi merubah pancasila khilafah
669,ntar kalo bilang indonesia ga aja tinggal kasih ğŸ¤­ğŸ¤­
670,ğŸŒ…ketum parpol panci zulleha benarÂ² pbanci berkelit kaburğŸŒ…
671,serambi mekkah anies disambut hangat masyarakat aceh cc
672,the kid pa ğŸ˜
673,penjamin
674,tdk warna mobilnya mengantar ai tujuan keadilan rakyat indonesia hukumekonomipendidikandan kehidupan berbangsa
675,magang dki thn ga fhotografer
676,rugi nga hadir titip semoga sehat lindungan sang pencipta ğŸ™
677,dubayar brp
678,dimanapun disambut sembako kaus subhanallahğŸ’ªğŸ‘ğŸ˜€
679,tidurpun tau herujauh lbh drpd pandai merangkai
680,kemarin sumbar dukung prabowo kalah ğŸ¤£
681,maaf tdk memilih ğŸ™
682,perjalanan padang sumatera barat
683,prabowo kmrin sumbar jga menang cma ngasih tau aja ğŸ˜ŠğŸ˜Š
684,shooting anu ai hapal gayanya jln tangan mandang mlongo gajeğŸ¤£
685,be focus to the subject
686,berhasil menghalukan kadrun ğŸ¤­
687,ranah minang guys anies rakyat indonesia hy pendukungnya
688,anis cagup bilang jakarta suriahkan jakarta indah maju
689,memilih pemimpin amanah buzzerrp oligarki
690,bukti pengeluarannya
691,statemen wawacara mencalonkan presiden tdk maju poros ketiga tdk capres
692,anies iyo bana pulang ka bako indak pakai kaos sembako ttp dinanti ditarimo jo urang padang sumbar iyo bana santiang ğŸ‘ğŸ‘ğŸ‘
693,anies ajak masyarakat banda aceh jalqn santai niatkan jalan sehat cc
694,wan coba denger video dehâ€¦
695,min anye emang udah
696,warna warni menyebut simbol lgbt
697,magang jd jurkam nasdrun selesai thn magang dki tp ga suatupun
698,memperkenalkan masyarakat menggali informasi calonnya ai terpilih ragu pendidikannya
699,aceh sumbar pakai pesawat ekonomi private jet
700,tunjukkan bukti kalo pkifpihti mendukung ideologi pancasila
701,baleho ditertibkan pendukung menimbulkan anti pati dihati rakyat indonesia indonesia negara republik berideologi pancasila
702,infonya padang sumbar
703,dis aikan anies unggahan akun instagram centang biru alhamdulillah senang ranah minang tulis anies minggu
704,faktanya coba tunjukkan bukti fpi pks hti mengusulkan amandemen pembukaan uud
705,kepalsuankebohongan jenjang pendidikansilsilah mutlak pemimpin
706,mhn maaf salah terkesan menasehati pintarsekali maaf
707,ngaku senang ranah minang anies baswedan sumatera barat melahirkan pahlawan ulama cc
708,pendana apapun membiayai meny aikan syarat pengembalianfor sure
709,minang tanah pahlawan founding fathers bangsasalam dr sulawesi
710,cetak twit komen sendiriğŸ˜€ğŸ˜€ğŸ˜€ğŸ˜€ğŸ˜€
711,bertanam tebu dibibiryg memakai baju kokokopiahlobe srt mengklaim masayg sll suara terjaga dipertimbangkan berulangekonomi sdg susahbanyak numpang makanyg dibutuhkan pejuang sejati indonesia
712,ganti acara tv president corner anies corner
713,al fatihah alm rifai pamone ğŸ¤²
714,Ã— cm cm Ã— cm cm tinggi bangsa khazar notabene nenek moyang eropa zionist menduduki palestine
715,anye kaos sembako
716,gw kadrun follow gw
717,anies relawan pendukungnya mang kerenğŸ‘ğŸ‘
718,kayutanam menyimak sambie nge like
719,bar barnya pndukung ngarab dn ğŸ‘ğŸ‘ğŸ‘ğŸ‘ğŸ‘ğŸ‘ğŸ‘ğŸ‘ğŸ‘
720,sdh jd bebas menjabat direcokinğŸ˜
721,yaaaa trs gmn donk nasib smg tdk termehek mehek ğŸ˜‚ğŸ˜‚ğŸ˜‚ğŸ˜‚ğŸ˜‚ğŸ˜‚ğŸ˜‚ğŸ˜‚ğŸ¤£ğŸ¤£ğŸ¤£ğŸ¤£ğŸ¤£ğŸ¤£ğŸ¤£ğŸ¤£ğŸ¤£
722,calon
723,huumdi google kak ngga cek aja akun fb twitter instagram
724,masjid buku iqrojuga dirumah rumah
725,asli saksi ğŸ˜€
726,mmg capres bacapres drun ğŸ˜ğŸ˜
727,iyo tunan sabananyoğŸ‘ğŸ‘ğŸ‘ smoga tuah bumi minangkabauikut mengiringi gerak langkah bpk anies baswedan tuk kursi ri syabas bpk anies baswedan
728,nasdroen mencla mencle
729,udah ribuan weekend
730,kadrun pas puan nyapres tinggal jual ayat perempuan pemimpin ğŸ˜‚ğŸ˜‚
731,tgl des
732,berkat heru budi hartono menghilangkan banjir jakarta malam nalar
733,resmi kpu im netral
734,perubahan nasi bungkus udah saji maksudnya
735,minggu kemarin kebayoran kek kolam renang kemana aja ente
736,jepun om anies
737,km lupa anis main sm
738,ngikut aja yak ğŸ˜
739,sehat aniesnext presiden indonesia
740,baarokallohu fiikum
741,buktiin mk dah dikasih kesempatan buktiin mk saksi junjunganmu melawak mk wkwkwk sidang stand up comedy ğŸ˜…
742,sumatera barat menyumbang suara anies
743,anies presiden ri
744,acara daerah terkendala pks anies diskriminasi cc
745,anies baswedan disambut gegap gempita tandanya mendambakan pemimpin adil memakmurkan rakyat merata
746,rambut putih mentri pupr rambutnya putih jokowi nyebut nama
747,ganjar anye resmi deklarasikan beda bpk politisi identitas
748,sumbangan menolong tertimpa musibah klo ngasih ngasih iklasğŸ¤—
